,location_id,draw,value
0,165,draw_0,0.025765047141514848
1,165,draw_1,0.03273129863405041
2,165,draw_10,0.04176589782945831
3,165,draw_100,0.11229660236121322
4,165,draw_101,0.09795933247639275
5,165,draw_102,0.032579277572261776
6,165,draw_103,0.03732771075499746
7,165,draw_104,0.01985490822360398
8,165,draw_105,0.08806971164554826
9,165,draw_106,0.02852459702820863
10,165,draw_107,0.056507667028575896
11,165,draw_108,0.02180720638005278
12,165,draw_109,0.017718078880276704
13,165,draw_11,0.12738378654834742
14,165,draw_110,0.08335522319130767
15,165,draw_111,0.07368666737303464
16,165,draw_112,0.014139084352848927
17,165,draw_113,0.07280481013482842
18,165,draw_114,0.026336498611808732
19,165,draw_115,0.05772467367689066
20,165,draw_116,0.05176285518267077
21,165,draw_117,0.01710251181950272
22,165,draw_118,0.045088463540336084
23,165,draw_119,0.0404109016726105
24,165,draw_12,0.04231801810064469
25,165,draw_120,0.06865726131364538
26,165,draw_121,0.03584735320130457
27,165,draw_122,0.046968216894606576
28,165,draw_123,0.025292044898769003
29,165,draw_124,0.04276573116176707
30,165,draw_125,0.09554283808784253
31,165,draw_126,0.07446352852564403
32,165,draw_127,0.09640192023000085
33,165,draw_128,0.06110202930321316
34,165,draw_129,0.08258161149679163
35,165,draw_13,0.06889603377571409
36,165,draw_130,0.04512256945284683
37,165,draw_131,0.05385177869090768
38,165,draw_132,0.14857386673749876
39,165,draw_133,0.04499355170661871
40,165,draw_134,0.020049903038618054
41,165,draw_135,0.08109529828123796
42,165,draw_136,0.15649998213879088
43,165,draw_137,0.11529780846456471
44,165,draw_138,0.04839812324922731
45,165,draw_139,0.09234110546460585
46,165,draw_14,0.12981669555429384
47,165,draw_140,0.0644929272688392
48,165,draw_141,0.12026863542436284
49,165,draw_142,0.04988419652607558
50,165,draw_143,0.06479066960660652
51,165,draw_144,0.07464076120275905
52,165,draw_145,0.08661297947165629
53,165,draw_146,0.08861815398960732
54,165,draw_147,0.1134636924330011
55,165,draw_148,0.11109130956668052
56,165,draw_149,0.051442909300175796
57,165,draw_15,0.04638575905346983
58,165,draw_150,0.020696917905709402
59,165,draw_151,0.046611093273221375
60,165,draw_152,0.0429477199513045
61,165,draw_153,0.042244473728212266
62,165,draw_154,0.05597045251179338
63,165,draw_155,0.0678134601723324
64,165,draw_156,0.09012914616806042
65,165,draw_157,0.12708293894598985
66,165,draw_158,0.0556822376003028
67,165,draw_159,0.08074878269398539
68,165,draw_16,0.15406411437835935
69,165,draw_160,0.10053244551757909
70,165,draw_161,0.03816435247646447
71,165,draw_162,0.03066524236108715
72,165,draw_163,0.06039372219750665
73,165,draw_164,0.19199180660234688
74,165,draw_165,0.11110864036129767
75,165,draw_166,0.05769107854012588
76,165,draw_167,0.02770087639346109
77,165,draw_168,0.05672487736663295
78,165,draw_169,0.11988569905551096
79,165,draw_17,0.12684295704426096
80,165,draw_170,0.06930893835166996
81,165,draw_171,0.08782601200558929
82,165,draw_172,0.08083860801588935
83,165,draw_173,0.0572131720433376
84,165,draw_174,0.03747956412499001
85,165,draw_175,0.09015701226078122
86,165,draw_176,0.05827251773159775
87,165,draw_177,0.07635542117799599
88,165,draw_178,0.028866603128401686
89,165,draw_179,0.04285819104392763
90,165,draw_18,0.17488747390890086
91,165,draw_180,0.037799436296751615
92,165,draw_181,0.06379001041180667
93,165,draw_182,0.04203295260692553
94,165,draw_183,0.07638589693590415
95,165,draw_184,0.14033206935890327
96,165,draw_185,0.06283208404772674
97,165,draw_186,0.04440031340811595
98,165,draw_187,0.09701730295287218
99,165,draw_188,0.044447951474607963
100,165,draw_189,0.08483359266355399
101,165,draw_19,0.05042609815446083
102,165,draw_190,0.038183483434087576
103,165,draw_191,0.05914744700730742
104,165,draw_192,0.03564110415505805
105,165,draw_193,0.06104519750960262
106,165,draw_194,0.07440311563736214
107,165,draw_195,0.07642786916659437
108,165,draw_196,0.028392743371683276
109,165,draw_197,0.06793692157617431
110,165,draw_198,0.062139023454392435
111,165,draw_199,0.03688655175094738
112,165,draw_2,0.10852961923386528
113,165,draw_20,0.09047990997013092
114,165,draw_200,0.16249579310022305
115,165,draw_201,0.050832419948514264
116,165,draw_202,0.06099547187810076
117,165,draw_203,0.04785005766590933
118,165,draw_204,0.05810988701651127
119,165,draw_205,0.013923697837659583
120,165,draw_206,0.0677599975670161
121,165,draw_207,0.05986056322483053
122,165,draw_208,0.11834156835317045
123,165,draw_209,0.04008990662981507
124,165,draw_21,0.07089806081834295
125,165,draw_210,0.07926022944250008
126,165,draw_211,0.15316264518251446
127,165,draw_213,0.04873451746482639
128,165,draw_214,0.04065377339749391
129,165,draw_215,0.05366040664715117
130,165,draw_216,0.06252993102938893
131,165,draw_217,0.07676249473241363
132,165,draw_218,0.035720018936538214
133,165,draw_219,0.09300221472136634
134,165,draw_22,0.20533525853702184
135,165,draw_220,0.03719538196741969
136,165,draw_221,0.0929868240495902
137,165,draw_222,0.13644581949937198
138,165,draw_223,0.026558384282656645
139,165,draw_224,0.046717359262988284
140,165,draw_225,0.04933694114034021
141,165,draw_226,0.01668425761140051
142,165,draw_227,0.049679837713370506
143,165,draw_228,0.03763112479547407
144,165,draw_229,0.03309263249484145
145,165,draw_23,0.1558978209046178
146,165,draw_230,0.1916195819357441
147,165,draw_231,0.12580752708953238
148,165,draw_232,0.0231228486717324
149,165,draw_233,0.05934933851805779
150,165,draw_234,0.027305366569509874
151,165,draw_235,0.030113423497987162
152,165,draw_236,0.05355174741199905
153,165,draw_237,0.02566239914867832
154,165,draw_238,0.04793928667679567
155,165,draw_239,0.05150154460299041
156,165,draw_24,0.06982740940645
157,165,draw_240,0.027006431077448007
158,165,draw_241,0.044563593611733135
159,165,draw_242,0.0993483036121394
160,165,draw_243,0.034012632018203946
161,165,draw_244,0.05913529049945038
162,165,draw_245,0.06945978017354193
163,165,draw_246,0.07211987284757117
164,165,draw_247,0.03856982287072919
165,165,draw_248,0.049295239658172424
166,165,draw_249,0.03848599705998824
167,165,draw_25,0.07057003610391273
168,165,draw_250,0.07640648014452366
169,165,draw_251,0.08137679721981836
170,165,draw_252,0.034524882470176904
171,165,draw_253,0.12451112760320678
172,165,draw_254,0.02477301489373004
173,165,draw_255,0.08108101041046696
174,165,draw_256,0.15783533406809455
175,165,draw_257,0.05832141907682514
176,165,draw_258,0.06123557912134319
177,165,draw_259,0.07524135642318677
178,165,draw_26,0.019215097485623715
179,165,draw_260,0.07147550779612462
180,165,draw_261,0.049194114165576557
181,165,draw_262,0.05019330646065279
182,165,draw_263,0.17952843372028496
183,165,draw_264,0.11824070971823586
184,165,draw_265,0.03712690725431478
185,165,draw_266,0.03312015769651996
186,165,draw_267,0.18442536848248772
187,165,draw_268,0.07854774127107694
188,165,draw_269,0.06720541941356857
189,165,draw_27,0.11373216456863672
190,165,draw_270,0.07217229076331964
191,165,draw_271,0.04267102292885367
192,165,draw_272,0.09752852299666324
193,165,draw_273,0.043027344860965544
194,165,draw_274,0.04398497892089859
195,165,draw_275,0.060152992110224124
196,165,draw_276,0.034614226395612124
197,165,draw_277,0.027371333425407603
198,165,draw_278,0.09279385693382161
199,165,draw_279,0.035790745860774825
200,165,draw_28,0.08603534861458795
201,165,draw_280,0.08018326239791759
202,165,draw_281,0.08653185477298746
203,165,draw_282,0.08198868944504813
204,165,draw_283,0.060662753904163744
205,165,draw_284,0.026055293885358037
206,165,draw_285,0.06030445612365193
207,165,draw_286,0.07156335755001296
208,165,draw_287,0.10146376509019914
209,165,draw_288,0.026922936767925832
210,165,draw_289,0.12128559792760053
211,165,draw_29,0.03026531764736802
212,165,draw_290,0.07758184503120609
213,165,draw_291,0.044815818033206556
214,165,draw_292,0.07086569842970167
215,165,draw_293,0.1710106233535739
216,165,draw_294,0.09496838385898862
217,165,draw_295,0.04459624243283633
218,165,draw_296,0.0485142685056827
219,165,draw_297,0.04115623502131981
220,165,draw_298,0.028767204387160746
221,165,draw_299,0.12149616979031144
222,165,draw_3,0.022419813030680955
223,165,draw_30,0.1641157837081585
224,165,draw_300,0.03683083609095531
225,165,draw_301,0.09200381062276722
226,165,draw_302,0.031375942290810276
227,165,draw_303,0.023710762686608367
228,165,draw_304,0.07396252398942434
229,165,draw_305,0.08565088621439998
230,165,draw_306,0.08075635886621986
231,165,draw_307,0.10694690631087547
232,165,draw_308,0.06717671152469366
233,165,draw_309,0.08840851920924718
234,165,draw_31,0.03610813890320174
235,165,draw_310,0.06362540405081968
236,165,draw_311,0.05585683945909986
237,165,draw_312,0.08320719665163741
238,165,draw_313,0.04872361241214617
239,165,draw_314,0.028553310856181242
240,165,draw_315,0.07492760897158211
241,165,draw_316,0.06656363010463201
242,165,draw_317,0.08953530972196813
243,165,draw_318,0.02042066958364562
244,165,draw_319,0.09583414191945175
245,165,draw_32,0.019128674959720735
246,165,draw_320,0.023795878499985892
247,165,draw_321,0.06606891755365053
248,165,draw_322,0.25844544405341213
249,165,draw_323,0.16500731327904897
250,165,draw_324,0.09951540206759264
251,165,draw_325,0.06384468876956466
252,165,draw_326,0.05142806840596908
253,165,draw_327,0.0755204913284833
254,165,draw_328,0.06896355570775549
255,165,draw_329,0.05217978147794681
256,165,draw_33,0.07273366660474383
257,165,draw_330,0.06703994912036357
258,165,draw_331,0.06426600252543078
259,165,draw_332,0.06993263178061548
260,165,draw_333,0.07806347483061063
261,165,draw_334,0.029721094712970426
262,165,draw_335,0.034588413195832744
263,165,draw_336,0.017474461145117113
264,165,draw_337,0.029854948325470452
265,165,draw_338,0.030447828235825886
266,165,draw_339,0.06105409403021805
267,165,draw_34,0.07193385872897673
268,165,draw_340,0.06000841549665696
269,165,draw_341,0.043889277134651156
270,165,draw_342,0.058392654991456336
271,165,draw_343,0.040932848957696694
272,165,draw_344,0.044281127225688825
273,165,draw_345,0.12298786287051236
274,165,draw_346,0.19427308132513843
275,165,draw_347,0.04751782516354161
276,165,draw_348,0.10760039173522257
277,165,draw_349,0.07710888251704522
278,165,draw_35,0.1751073174284689
279,165,draw_350,0.08477615221713093
280,165,draw_351,0.01632593769086887
281,165,draw_352,0.032924448195231173
282,165,draw_353,0.12119942741535053
283,165,draw_354,0.13480601018365723
284,165,draw_355,0.019373891900447013
285,165,draw_356,0.07373676016947556
286,165,draw_357,0.08762313719797367
287,165,draw_358,0.04663927370863428
288,165,draw_359,0.08944339550356921
289,165,draw_36,0.0515993431425893
290,165,draw_360,0.07262171631842933
291,165,draw_361,0.07565278091815704
292,165,draw_362,0.06805876366503942
293,165,draw_363,0.10022448021717717
294,165,draw_364,0.09382216118114217
295,165,draw_365,0.044522622992746425
296,165,draw_366,0.04089560866715089
297,165,draw_367,0.02973606394172197
298,165,draw_368,0.03422805357399287
299,165,draw_369,0.1572317495782394
300,165,draw_37,0.02989382357224873
301,165,draw_370,0.06356444301421099
302,165,draw_371,0.030413588490522146
303,165,draw_372,0.21025339178412364
304,165,draw_373,0.02696491001078199
305,165,draw_374,0.0191214348202601
306,165,draw_375,0.07826301585020051
307,165,draw_376,0.11523837571084641
308,165,draw_377,0.020155048048828894
309,165,draw_378,0.12684962116105938
310,165,draw_379,0.0434767675310648
311,165,draw_38,0.07713632424739418
312,165,draw_380,0.03436178639550574
313,165,draw_381,0.07242180183951027
314,165,draw_382,0.02611311182042273
315,165,draw_383,0.06258151425235192
316,165,draw_384,0.09549000623721453
317,165,draw_385,0.06781094667462322
318,165,draw_386,0.02639841948478706
319,165,draw_387,0.018017988562377237
320,165,draw_388,0.043641331085757594
321,165,draw_389,0.05220866838124823
322,165,draw_39,0.12889808186021864
323,165,draw_390,0.08148766910412075
324,165,draw_391,0.02659020447389435
325,165,draw_392,0.0518260774592884
326,165,draw_393,0.040134859915961774
327,165,draw_394,0.13640441100241416
328,165,draw_395,0.09822565074354586
329,165,draw_396,0.06082570760754769
330,165,draw_397,0.02590048306744931
331,165,draw_398,0.0575797709517779
332,165,draw_399,0.09265240090531576
333,165,draw_4,0.07398147924932796
334,165,draw_40,0.04666498334109431
335,165,draw_400,0.08067417526857684
336,165,draw_401,0.06925180464080995
337,165,draw_402,0.10317542454728708
338,165,draw_403,0.09651664031190356
339,165,draw_404,0.07534827399624844
340,165,draw_405,0.06469073041780952
341,165,draw_406,0.055356352269606
342,165,draw_407,0.06412553696872668
343,165,draw_408,0.1108356938934375
344,165,draw_409,0.03657838042762376
345,165,draw_41,0.021064942109523754
346,165,draw_410,0.13082388305623802
347,165,draw_411,0.12237065531590231
348,165,draw_412,0.05020677501421019
349,165,draw_413,0.1056737529687593
350,165,draw_414,0.05331517986703459
351,165,draw_415,0.08285199650994816
352,165,draw_416,0.07730197591513469
353,165,draw_417,0.03573906589473379
354,165,draw_418,0.05341443739059025
355,165,draw_419,0.0910229422043365
356,165,draw_42,0.05896980115207514
357,165,draw_420,0.17885934736852352
358,165,draw_421,0.02406641634119983
359,165,draw_422,0.0987506709831737
360,165,draw_423,0.02771529780947703
361,165,draw_424,0.048781887412195885
362,165,draw_425,0.02817121748497328
363,165,draw_426,0.052633503673995795
364,165,draw_427,0.024112116118384624
365,165,draw_428,0.08576195601257774
366,165,draw_429,0.09240461956836023
367,165,draw_43,0.08614420432821945
368,165,draw_430,0.04648920243588987
369,165,draw_431,0.043139289907606904
370,165,draw_432,0.05869746679556383
371,165,draw_433,0.06482640980432992
372,165,draw_434,0.04421542077928652
373,165,draw_435,0.06882772843139483
374,165,draw_436,0.09507056829543119
375,165,draw_437,0.13663443015655993
376,165,draw_438,0.04913967417208398
377,165,draw_439,0.08969042400325687
378,165,draw_44,0.043872539502849014
379,165,draw_440,0.07728475526290528
380,165,draw_441,0.11363536632340475
381,165,draw_442,0.033665714668756994
382,165,draw_443,0.0654852646318194
383,165,draw_444,0.19254258703956575
384,165,draw_445,0.04288602411983698
385,165,draw_446,0.046270426756421235
386,165,draw_447,0.07169868312046142
387,165,draw_448,0.1037083828093784
388,165,draw_449,0.07655006972838488
389,165,draw_45,0.07112587678370468
390,165,draw_450,0.024920322950880855
391,165,draw_451,0.05463959984789447
392,165,draw_452,0.09068471467667545
393,165,draw_453,0.08922502723946446
394,165,draw_454,0.16223884655128432
395,165,draw_455,0.09271082852835605
396,165,draw_456,0.09413528829447039
397,165,draw_457,0.026396670011227873
398,165,draw_458,0.05695423045461864
399,165,draw_459,0.1192451470672104
400,165,draw_46,0.012051441808561445
401,165,draw_460,0.09637596478091962
402,165,draw_461,0.06323085816096032
403,165,draw_462,0.10887769633412084
404,165,draw_463,0.018791616736577386
405,165,draw_464,0.045840891527451216
406,165,draw_465,0.07239603157437506
407,165,draw_466,0.08019773078070636
408,165,draw_467,0.1576213986300607
409,165,draw_468,0.1211070292566741
410,165,draw_469,0.026621655772248294
411,165,draw_47,0.11142697373651105
412,165,draw_470,0.05745534899421495
413,165,draw_471,0.08285455076186422
414,165,draw_472,0.025473220501848224
415,165,draw_473,0.03894138711005992
416,165,draw_474,0.04017679867677028
417,165,draw_475,0.0764375561759666
418,165,draw_476,0.041941231589907486
419,165,draw_477,0.039625711552665276
420,165,draw_478,0.10016483999784094
421,165,draw_479,0.04804914832664644
422,165,draw_48,0.038984496134100446
423,165,draw_480,0.07678554110435933
424,165,draw_481,0.0585075647187775
425,165,draw_482,0.05607194898452369
426,165,draw_483,0.12008890135608864
427,165,draw_484,0.043641482808908144
428,165,draw_485,0.09445753128048164
429,165,draw_486,0.11972084764705304
430,165,draw_487,0.03023807909163275
431,165,draw_488,0.02279787198249187
432,165,draw_489,0.0986179034145772
433,165,draw_49,0.06332741980217187
434,165,draw_490,0.07393709180149635
435,165,draw_491,0.019347112236476206
436,165,draw_492,0.052924335028028395
437,165,draw_493,0.066772791809355
438,165,draw_494,0.04380857813593676
439,165,draw_495,0.024707498427137667
440,165,draw_496,0.10968259567175759
441,165,draw_497,0.0875523322201524
442,165,draw_498,0.10140232854715213
443,165,draw_499,0.07269122943871624
444,165,draw_5,0.0288413751073787
445,165,draw_50,0.04730539402489414
446,165,draw_51,0.029649359536043304
447,165,draw_52,0.16739274162048384
448,165,draw_53,0.07925307178021633
449,165,draw_54,0.09297089805702168
450,165,draw_55,0.07836251456674774
451,165,draw_56,0.05442871309279153
452,165,draw_57,0.07610395557124511
453,165,draw_58,0.04062856871181138
454,165,draw_59,0.04855253687213737
455,165,draw_6,0.07442390980286122
456,165,draw_60,0.10841540505051186
457,165,draw_61,0.050972553685618364
458,165,draw_62,0.14380036328667367
459,165,draw_63,0.06834246658704046
460,165,draw_64,0.044897147570603854
461,165,draw_65,0.052223383288775745
462,165,draw_66,0.16890752251619318
463,165,draw_67,0.08387121679722669
464,165,draw_68,0.08891410190377222
465,165,draw_69,0.049868107154988434
466,165,draw_7,0.06040866269622109
467,165,draw_70,0.06445746589317693
468,165,draw_71,0.042000080058621596
469,165,draw_72,0.07303351788756599
470,165,draw_73,0.05629238845126651
471,165,draw_74,0.0431775273474415
472,165,draw_75,0.037031930083636255
473,165,draw_76,0.06985612587719149
474,165,draw_77,0.027920399147296618
475,165,draw_78,0.01863691717150403
476,165,draw_79,0.025821508096795127
477,165,draw_8,0.03967911916402135
478,165,draw_80,0.07532534623899126
479,165,draw_81,0.02711646205430136
480,165,draw_82,0.05459046587581884
481,165,draw_83,0.03391244611259467
482,165,draw_84,0.04098853991965315
483,165,draw_85,0.053875660878972775
484,165,draw_86,0.0682412208411254
485,165,draw_87,0.02804785788985587
486,165,draw_88,0.03835263735652041
487,165,draw_89,0.030479644312347783
488,165,draw_9,0.16409509880741444
489,165,draw_90,0.08545326558887158
490,165,draw_91,0.08101272387227826
491,165,draw_92,0.08118066564029874
492,165,draw_93,0.032857212821562065
493,165,draw_94,0.031161640248436366
494,165,draw_95,0.10888062327160207
495,165,draw_96,0.11066852516202666
496,165,draw_97,0.04522779401651491
497,165,draw_98,0.04791786992340336
498,165,draw_99,0.03371398417340603
499,179,draw_0,0.050820653447632695
500,179,draw_1,0.06591249851644686
501,179,draw_10,0.07890948672290146
502,179,draw_100,0.1402497062531708
503,179,draw_101,0.19076589918930562
504,179,draw_102,0.07851231742129822
505,179,draw_103,0.07388766015043687
506,179,draw_104,0.0360862590417401
507,179,draw_105,0.1625735227674499
508,179,draw_106,0.04679476819830829
509,179,draw_107,0.07590056858709278
510,179,draw_108,0.043250127414734996
511,179,draw_109,0.03638325543512892
512,179,draw_11,0.16296710026769193
513,179,draw_110,0.0970603122529238
514,179,draw_111,0.10955908920831076
515,179,draw_112,0.030736586172490112
516,179,draw_113,0.1052260754873548
517,179,draw_114,0.05528881743949961
518,179,draw_115,0.10346328053010351
519,179,draw_116,0.06135204306646879
520,179,draw_117,0.060150120128044444
521,179,draw_118,0.0808720341577361
522,179,draw_119,0.1256728372050561
523,179,draw_12,0.12641938179387235
524,179,draw_120,0.10991311304931625
525,179,draw_121,0.05242628639061001
526,179,draw_122,0.08331927572807714
527,179,draw_123,0.04571671649975055
528,179,draw_124,0.09297655846937476
529,179,draw_125,0.17772241560994417
530,179,draw_126,0.13628136377239622
531,179,draw_127,0.13985696852668264
532,179,draw_128,0.09727997706312591
533,179,draw_129,0.13209639203276313
534,179,draw_13,0.1222616281048797
535,179,draw_130,0.07569343578352687
536,179,draw_131,0.1203413591348335
537,179,draw_132,0.1980804871400314
538,179,draw_133,0.09283239967353285
539,179,draw_134,0.05209697799813458
540,179,draw_135,0.14283021488082667
541,179,draw_136,0.2235832560735703
542,179,draw_137,0.16366985379712398
543,179,draw_138,0.0955838700270715
544,179,draw_139,0.15749067715533588
545,179,draw_14,0.1739329805180696
546,179,draw_140,0.11167389274215749
547,179,draw_141,0.173015500360421
548,179,draw_142,0.08530090580190902
549,179,draw_143,0.10808789719573476
550,179,draw_144,0.11823868257781958
551,179,draw_145,0.11646407955115823
552,179,draw_146,0.1267421437363048
553,179,draw_147,0.19414424911044134
554,179,draw_148,0.1701835498122217
555,179,draw_149,0.09189540910498883
556,179,draw_15,0.09466186383913684
557,179,draw_150,0.05204647113856582
558,179,draw_151,0.10683152639556394
559,179,draw_152,0.09050051458883984
560,179,draw_153,0.09622833376723793
561,179,draw_154,0.11934934614501957
562,179,draw_155,0.1154575222986074
563,179,draw_156,0.1394111702730854
564,179,draw_157,0.1782130282114245
565,179,draw_158,0.13193272151959964
566,179,draw_159,0.133167095043741
567,179,draw_16,0.19470881677041296
568,179,draw_160,0.14486587247376828
569,179,draw_161,0.0937122051021997
570,179,draw_162,0.05657616638958241
571,179,draw_163,0.07090301948830763
572,179,draw_164,0.23091650981718223
573,179,draw_165,0.20704437312215657
574,179,draw_166,0.1003171569390631
575,179,draw_167,0.06094236930483013
576,179,draw_168,0.06661567744329439
577,179,draw_169,0.16117874264566384
578,179,draw_17,0.1491648268096809
579,179,draw_170,0.10348235174877606
580,179,draw_171,0.17632984764519685
581,179,draw_172,0.15773333827290065
582,179,draw_173,0.117992479752673
583,179,draw_174,0.1020054635444737
584,179,draw_175,0.14309646637994722
585,179,draw_176,0.11433915416971295
586,179,draw_177,0.17121193062129483
587,179,draw_178,0.08191428397533089
588,179,draw_179,0.10037250825955617
589,179,draw_18,0.21251647948706348
590,179,draw_180,0.11835042253497016
591,179,draw_181,0.11867420422238349
592,179,draw_182,0.06732009420090929
593,179,draw_183,0.1303676917067666
594,179,draw_184,0.21832238185654643
595,179,draw_185,0.1170988784383154
596,179,draw_186,0.07875888825753988
597,179,draw_187,0.15732577488883104
598,179,draw_188,0.0701495348643935
599,179,draw_189,0.10766224268980613
600,179,draw_19,0.08961752369322205
601,179,draw_190,0.053490292249159826
602,179,draw_191,0.11166034522327771
603,179,draw_192,0.07389201235958072
604,179,draw_193,0.08877501850299988
605,179,draw_194,0.14941938931284274
606,179,draw_195,0.11181815555450468
607,179,draw_196,0.04767611624776773
608,179,draw_197,0.1100911736673219
609,179,draw_198,0.12362402727792812
610,179,draw_199,0.040883027466031105
611,179,draw_2,0.13914112893515931
612,179,draw_20,0.15192499325717634
613,179,draw_200,0.2332283923497624
614,179,draw_201,0.09325011064803088
615,179,draw_202,0.1318597384633111
616,179,draw_203,0.0708625171725284
617,179,draw_204,0.0932026138219995
618,179,draw_205,0.04998671199291644
619,179,draw_206,0.12290597652991533
620,179,draw_207,0.10787870903724224
621,179,draw_208,0.17497546588352447
622,179,draw_209,0.06694682645934825
623,179,draw_21,0.10906714603244401
624,179,draw_210,0.14332930213392553
625,179,draw_211,0.2008809200670913
626,179,draw_213,0.08338818671717617
627,179,draw_214,0.10543360598064858
628,179,draw_215,0.12399167683030608
629,179,draw_216,0.14509433792622453
630,179,draw_217,0.14737447295940456
631,179,draw_218,0.06351669237940401
632,179,draw_219,0.17779537138485263
633,179,draw_22,0.2092655500235134
634,179,draw_220,0.04897846733109073
635,179,draw_221,0.15118787046308055
636,179,draw_222,0.1572663732404772
637,179,draw_223,0.05078171194631543
638,179,draw_224,0.10074394613988966
639,179,draw_225,0.09602491856485727
640,179,draw_226,0.04221902596693095
641,179,draw_227,0.08945863035269418
642,179,draw_228,0.10576372106810272
643,179,draw_229,0.05757210890661154
644,179,draw_23,0.17324237864479725
645,179,draw_230,0.18826168242409613
646,179,draw_231,0.17302763809014984
647,179,draw_232,0.0609865019795219
648,179,draw_233,0.08478328206291708
649,179,draw_234,0.07116769063819038
650,179,draw_235,0.04699949156643569
651,179,draw_236,0.11197010779144417
652,179,draw_237,0.06701472685116996
653,179,draw_238,0.10875441716894067
654,179,draw_239,0.10832041808379302
655,179,draw_24,0.12950846863742593
656,179,draw_240,0.0417774210500175
657,179,draw_241,0.07550156746456105
658,179,draw_242,0.1739486022297794
659,179,draw_243,0.0872194331390982
660,179,draw_244,0.14133835383314197
661,179,draw_245,0.13746852309326246
662,179,draw_246,0.12902949598902028
663,179,draw_247,0.09658216480502876
664,179,draw_248,0.10346596169810002
665,179,draw_249,0.07494580418208593
666,179,draw_25,0.06166386886937346
667,179,draw_250,0.09020679577930947
668,179,draw_251,0.17205770482907257
669,179,draw_252,0.053032856368864824
670,179,draw_253,0.16239865239154244
671,179,draw_254,0.06076075707383331
672,179,draw_255,0.10004932720893832
673,179,draw_256,0.1938122887171011
674,179,draw_257,0.07234224749753439
675,179,draw_258,0.1331871480182944
676,179,draw_259,0.11722852610731735
677,179,draw_26,0.039446882332152634
678,179,draw_260,0.11906118052734001
679,179,draw_261,0.09833458345270592
680,179,draw_262,0.12093006949699933
681,179,draw_263,0.22124043640376564
682,179,draw_264,0.17247934279814045
683,179,draw_265,0.07376160558618158
684,179,draw_266,0.05711632152161034
685,179,draw_267,0.242786113396065
686,179,draw_268,0.14576033005551398
687,179,draw_269,0.10285197633042088
688,179,draw_27,0.2287898940107018
689,179,draw_270,0.14546749855782887
690,179,draw_271,0.1004224653708116
691,179,draw_272,0.166443249867593
692,179,draw_273,0.09013870055004072
693,179,draw_274,0.0568698474266843
694,179,draw_275,0.12162365371668934
695,179,draw_276,0.10170366116860945
696,179,draw_277,0.03741744280668521
697,179,draw_278,0.1685387932522593
698,179,draw_279,0.08875265659046398
699,179,draw_28,0.1691526951130155
700,179,draw_280,0.13273280505888124
701,179,draw_281,0.13644019188606926
702,179,draw_282,0.15464752045498942
703,179,draw_283,0.13821576956024634
704,179,draw_284,0.06588353451177201
705,179,draw_285,0.09412993275497826
706,179,draw_286,0.12502922294788224
707,179,draw_287,0.1830976981187708
708,179,draw_288,0.05755490883112837
709,179,draw_289,0.2069532619851758
710,179,draw_29,0.065621123183202
711,179,draw_290,0.10526923749767465
712,179,draw_291,0.10344343437582085
713,179,draw_292,0.054869588521934215
714,179,draw_293,0.20960792321275007
715,179,draw_294,0.14145068640503897
716,179,draw_295,0.07110800211936956
717,179,draw_296,0.09545770444568975
718,179,draw_297,0.08982710360487252
719,179,draw_298,0.07428198155464295
720,179,draw_299,0.19947624801707256
721,179,draw_3,0.08060866357321708
722,179,draw_30,0.20427174909463758
723,179,draw_300,0.06284536469757948
724,179,draw_301,0.1226097948148537
725,179,draw_302,0.05617476089351418
726,179,draw_303,0.040807621899041364
727,179,draw_304,0.10814928269717876
728,179,draw_305,0.14419517101329699
729,179,draw_306,0.15239831360185674
730,179,draw_307,0.1467484599786334
731,179,draw_308,0.12797486041826583
732,179,draw_309,0.17621380844278836
733,179,draw_31,0.07518047083085935
734,179,draw_310,0.11664908667582674
735,179,draw_311,0.09311951243919642
736,179,draw_312,0.12274491358477715
737,179,draw_313,0.07729708043670329
738,179,draw_314,0.05595608609043594
739,179,draw_315,0.140467443145513
740,179,draw_316,0.10756076388093128
741,179,draw_317,0.16333530734910123
742,179,draw_318,0.0604844033508232
743,179,draw_319,0.17903248340900357
744,179,draw_32,0.04168416111281971
745,179,draw_320,0.035396833954634145
746,179,draw_321,0.12033310824511796
747,179,draw_322,0.20611964582597647
748,179,draw_323,0.20277990654370176
749,179,draw_324,0.1670207501597304
750,179,draw_325,0.11490676684797413
751,179,draw_326,0.0810301643632807
752,179,draw_327,0.10353200700620012
753,179,draw_328,0.13171837066364508
754,179,draw_329,0.12019590327684365
755,179,draw_33,0.13581040997096253
756,179,draw_330,0.14891989223952057
757,179,draw_331,0.085266756067013
758,179,draw_332,0.11020597995426717
759,179,draw_333,0.128198892882537
760,179,draw_334,0.0999469146096263
761,179,draw_335,0.08035387302079335
762,179,draw_336,0.03597369871670621
763,179,draw_337,0.09407806787942254
764,179,draw_338,0.06751253172457924
765,179,draw_339,0.10404829153986243
766,179,draw_34,0.1079783339651325
767,179,draw_340,0.11170955366681984
768,179,draw_341,0.0939247105634634
769,179,draw_342,0.087201033544896
770,179,draw_343,0.06509101666923346
771,179,draw_344,0.12237696235642863
772,179,draw_345,0.20098408073616442
773,179,draw_346,0.23312572642251372
774,179,draw_347,0.08606864210506385
775,179,draw_348,0.1932523232830269
776,179,draw_349,0.13544188336613255
777,179,draw_35,0.20738222791940464
778,179,draw_350,0.13688553827508446
779,179,draw_351,0.06470655503692176
780,179,draw_352,0.11275719630011455
781,179,draw_353,0.1342154222569915
782,179,draw_354,0.16770448040807925
783,179,draw_355,0.06739365087959759
784,179,draw_356,0.11813158191691558
785,179,draw_357,0.11341123890360942
786,179,draw_358,0.0940595329841302
787,179,draw_359,0.14936685922288526
788,179,draw_36,0.0950699429375814
789,179,draw_360,0.17352532370758367
790,179,draw_361,0.1598947429429852
791,179,draw_362,0.1161261358449798
792,179,draw_363,0.18472286579040398
793,179,draw_364,0.1611808756522745
794,179,draw_365,0.09904923598420173
795,179,draw_366,0.06607172628300748
796,179,draw_367,0.04815747791593064
797,179,draw_368,0.048758115820623095
798,179,draw_369,0.17160891950885748
799,179,draw_37,0.08521782429589099
800,179,draw_370,0.13069490164098527
801,179,draw_371,0.05874916587925808
802,179,draw_372,0.28428760279591064
803,179,draw_373,0.06030053950711627
804,179,draw_374,0.03303510677055974
805,179,draw_375,0.12429750857855996
806,179,draw_376,0.139111990672058
807,179,draw_377,0.03607086709335425
808,179,draw_378,0.21747469783399886
809,179,draw_379,0.09968440456832735
810,179,draw_38,0.13588904209784416
811,179,draw_380,0.07098736785241612
812,179,draw_381,0.11807041752658376
813,179,draw_382,0.0789551830997875
814,179,draw_383,0.09756526698219282
815,179,draw_384,0.16790145086105215
816,179,draw_385,0.1363260694337578
817,179,draw_386,0.04571138358316029
818,179,draw_387,0.05277050666914535
819,179,draw_388,0.08943473005044465
820,179,draw_389,0.10012978782235345
821,179,draw_39,0.18425188839601267
822,179,draw_390,0.12900090233385186
823,179,draw_391,0.06727849956615473
824,179,draw_392,0.1026224233163624
825,179,draw_393,0.07309804780766986
826,179,draw_394,0.15231339511392541
827,179,draw_395,0.15074053378446287
828,179,draw_396,0.105089929501838
829,179,draw_397,0.07273133188680675
830,179,draw_398,0.09953101777321482
831,179,draw_399,0.16192927596573145
832,179,draw_4,0.0887971206078876
833,179,draw_40,0.0674198039903852
834,179,draw_400,0.10627813088889118
835,179,draw_401,0.11323403070988201
836,179,draw_402,0.1875081654049685
837,179,draw_403,0.19988421883606816
838,179,draw_404,0.13954717242385475
839,179,draw_405,0.08776693597833549
840,179,draw_406,0.15907285836840795
841,179,draw_407,0.11265003994790183
842,179,draw_408,0.1792125246999302
843,179,draw_409,0.06250767443821235
844,179,draw_41,0.0577986160409189
845,179,draw_410,0.21419322091257345
846,179,draw_411,0.1751876568317131
847,179,draw_412,0.08821229471116576
848,179,draw_413,0.1932418517829852
849,179,draw_414,0.11140637611530108
850,179,draw_415,0.12018593615635619
851,179,draw_416,0.1281394322202185
852,179,draw_417,0.0801545317885993
853,179,draw_418,0.09603305329282306
854,179,draw_419,0.14660750533746375
855,179,draw_42,0.09408600386333661
856,179,draw_420,0.1748494744739562
857,179,draw_421,0.0683867154201464
858,179,draw_422,0.15178773445057406
859,179,draw_423,0.05778784975537369
860,179,draw_424,0.07538899091592671
861,179,draw_425,0.039767622455129395
862,179,draw_426,0.09829635949983694
863,179,draw_427,0.09110012960927909
864,179,draw_428,0.14287179077074968
865,179,draw_429,0.1695294412934493
866,179,draw_43,0.12157022179781049
867,179,draw_430,0.09757356042521845
868,179,draw_431,0.09312935922674037
869,179,draw_432,0.11457630509374275
870,179,draw_433,0.07798275238416996
871,179,draw_434,0.09354175326656235
872,179,draw_435,0.13479360342876126
873,179,draw_436,0.1870793762214616
874,179,draw_437,0.16959663675703618
875,179,draw_438,0.13031040046187894
876,179,draw_439,0.14758130304943762
877,179,draw_44,0.08337722652102003
878,179,draw_440,0.10927564505309614
879,179,draw_441,0.17701985294723094
880,179,draw_442,0.08746027030017851
881,179,draw_443,0.12133184689391625
882,179,draw_444,0.23054068714647863
883,179,draw_445,0.08781783231330882
884,179,draw_446,0.07257240380022054
885,179,draw_447,0.13930404341489117
886,179,draw_448,0.17596008782252376
887,179,draw_449,0.14760363760560416
888,179,draw_45,0.10209598133440657
889,179,draw_450,0.05612490098551765
890,179,draw_451,0.13172672037847408
891,179,draw_452,0.15428185480322562
892,179,draw_453,0.1312265335132542
893,179,draw_454,0.21663603662556244
894,179,draw_455,0.13577542384980074
895,179,draw_456,0.16988145720568004
896,179,draw_457,0.07420506571039646
897,179,draw_458,0.0821446516940036
898,179,draw_459,0.11174305546816422
899,179,draw_46,0.04336788743862897
900,179,draw_460,0.21183875508040867
901,179,draw_461,0.09824462976510703
902,179,draw_462,0.2102469451204743
903,179,draw_463,0.035749140651336254
904,179,draw_464,0.08444880259030671
905,179,draw_465,0.12413673128304153
906,179,draw_466,0.15212348463276246
907,179,draw_467,0.22815341769425146
908,179,draw_468,0.13783980974757307
909,179,draw_469,0.08437918454448523
910,179,draw_47,0.15024192248273371
911,179,draw_470,0.11360161037958827
912,179,draw_471,0.16810970555922172
913,179,draw_472,0.04107501651113891
914,179,draw_473,0.09536662907351497
915,179,draw_474,0.09247137217436277
916,179,draw_475,0.14590324993579418
917,179,draw_476,0.06942261458376446
918,179,draw_477,0.09950237602940366
919,179,draw_478,0.18461504208407473
920,179,draw_479,0.11689065870862034
921,179,draw_48,0.10342910517145483
922,179,draw_480,0.14491126009664063
923,179,draw_481,0.09522198080848418
924,179,draw_482,0.11984156717372317
925,179,draw_483,0.1602851969760355
926,179,draw_484,0.0609741967950535
927,179,draw_485,0.151547128881062
928,179,draw_486,0.17671061987973122
929,179,draw_487,0.10457030777437522
930,179,draw_488,0.06629754039996999
931,179,draw_489,0.18969994023595482
932,179,draw_49,0.09592956142132664
933,179,draw_490,0.12069369343509934
934,179,draw_491,0.04730802235691717
935,179,draw_492,0.07118703195273322
936,179,draw_493,0.11677532028087714
937,179,draw_494,0.10150401822580823
938,179,draw_495,0.04004516920053288
939,179,draw_496,0.14609125590602706
940,179,draw_497,0.1676314344198957
941,179,draw_498,0.12802399353956273
942,179,draw_499,0.09025346028122119
943,179,draw_5,0.048788437584601725
944,179,draw_50,0.11774025321773918
945,179,draw_51,0.07663291910248377
946,179,draw_52,0.18260432467271664
947,179,draw_53,0.1379241212880751
948,179,draw_54,0.12745573537788868
949,179,draw_55,0.11820267114336602
950,179,draw_56,0.076715584824826
951,179,draw_57,0.11284038823681465
952,179,draw_58,0.09529824513894886
953,179,draw_59,0.09848226535727449
954,179,draw_6,0.1252117972516847
955,179,draw_60,0.17386210849515524
956,179,draw_61,0.08926653629638996
957,179,draw_62,0.19027475119875625
958,179,draw_63,0.125106890598724
959,179,draw_64,0.07319406687502364
960,179,draw_65,0.10836202947929655
961,179,draw_66,0.2240300042167564
962,179,draw_67,0.11659112831638883
963,179,draw_68,0.1501732153595465
964,179,draw_69,0.10455335981938457
965,179,draw_7,0.10710312981392096
966,179,draw_70,0.1225549941662051
967,179,draw_71,0.07723497775940293
968,179,draw_72,0.11305027520277566
969,179,draw_73,0.11982271732432379
970,179,draw_74,0.08073324110424984
971,179,draw_75,0.09799298204625603
972,179,draw_76,0.09253541862530913
973,179,draw_77,0.0576024013674977
974,179,draw_78,0.04064379683724783
975,179,draw_79,0.06339367916140891
976,179,draw_8,0.06240310321282892
977,179,draw_80,0.15471964708014235
978,179,draw_81,0.061904458109116
979,179,draw_82,0.08973106836294525
980,179,draw_83,0.10630755177967363
981,179,draw_84,0.10779755549347345
982,179,draw_85,0.11609356008634873
983,179,draw_86,0.13845404892527974
984,179,draw_87,0.05149121326674773
985,179,draw_88,0.07175720836266185
986,179,draw_89,0.04815532186443667
987,179,draw_9,0.195406558720756
988,179,draw_90,0.1331234640728958
989,179,draw_91,0.12248874859248023
990,179,draw_92,0.11811558001551095
991,179,draw_93,0.05983926555143408
992,179,draw_94,0.042724309768610885
993,179,draw_95,0.13708689991085163
994,179,draw_96,0.20947377783078563
995,179,draw_97,0.09253865894823154
996,179,draw_98,0.09930221651823284
997,179,draw_99,0.10324615036501658
998,214,draw_0,0.07427404682642477
999,214,draw_1,0.07114830618288132
1000,214,draw_10,0.05751896079032753
1001,214,draw_100,0.11538762783317477
1002,214,draw_101,0.1515653561853869
1003,214,draw_102,0.07478727304464515
1004,214,draw_103,0.07461969748708626
1005,214,draw_104,0.04599111482046145
1006,214,draw_105,0.15865029275781325
1007,214,draw_106,0.06845710030320035
1008,214,draw_107,0.05952107732175697
1009,214,draw_108,0.04999026056746753
1010,214,draw_109,0.051170612048369826
1011,214,draw_11,0.16794573969452503
1012,214,draw_110,0.17538086284733445
1013,214,draw_111,0.12877641742687712
1014,214,draw_112,0.04841356114571284
1015,214,draw_113,0.09725516588876935
1016,214,draw_114,0.0679247679195242
1017,214,draw_115,0.10463473877899916
1018,214,draw_116,0.08694241359460386
1019,214,draw_117,0.059389553373603056
1020,214,draw_118,0.08755914139688739
1021,214,draw_119,0.08299417746116754
1022,214,draw_12,0.08798192333923088
1023,214,draw_120,0.11940818009735031
1024,214,draw_121,0.04673477500696286
1025,214,draw_122,0.08283462402000628
1026,214,draw_123,0.053367534613120576
1027,214,draw_124,0.10836899237369617
1028,214,draw_125,0.13821591933339689
1029,214,draw_126,0.10738487169036996
1030,214,draw_127,0.130866994333686
1031,214,draw_128,0.12600047220148475
1032,214,draw_129,0.12032664234313444
1033,214,draw_13,0.11498788960514124
1034,214,draw_130,0.09439771157595231
1035,214,draw_131,0.09937455280203322
1036,214,draw_132,0.20224572319348777
1037,214,draw_133,0.06887106465853869
1038,214,draw_134,0.08326845576861888
1039,214,draw_135,0.15438158259696708
1040,214,draw_136,0.2211284802235289
1041,214,draw_137,0.1790199531267767
1042,214,draw_138,0.06430498479734961
1043,214,draw_139,0.15634213298376257
1044,214,draw_14,0.19486729795821447
1045,214,draw_140,0.1309850176835588
1046,214,draw_141,0.13326325984398807
1047,214,draw_142,0.09806247526878642
1048,214,draw_143,0.07826730311606461
1049,214,draw_144,0.08967878659949345
1050,214,draw_145,0.1172459603493975
1051,214,draw_146,0.1619530814379584
1052,214,draw_147,0.17289722642151883
1053,214,draw_148,0.16185675422915619
1054,214,draw_149,0.08541806809908259
1055,214,draw_15,0.08678219246341266
1056,214,draw_150,0.07010008539812579
1057,214,draw_151,0.09527955400446753
1058,214,draw_152,0.07190442322332892
1059,214,draw_153,0.08442477057335988
1060,214,draw_154,0.09195871206752604
1061,214,draw_155,0.09587756943914834
1062,214,draw_156,0.13546563042946422
1063,214,draw_157,0.17064389342721145
1064,214,draw_158,0.11256872616812971
1065,214,draw_159,0.12454082579033808
1066,214,draw_16,0.1730579367018014
1067,214,draw_160,0.1245721350585348
1068,214,draw_161,0.07764914616732842
1069,214,draw_162,0.08250150551493556
1070,214,draw_163,0.0899889132108766
1071,214,draw_164,0.21150852614705642
1072,214,draw_165,0.1953343116148336
1073,214,draw_166,0.08546202308275315
1074,214,draw_167,0.07557735556119717
1075,214,draw_168,0.08045489991976185
1076,214,draw_169,0.16609988647899518
1077,214,draw_17,0.151057758865545
1078,214,draw_170,0.0836338876520115
1079,214,draw_171,0.17388958493792442
1080,214,draw_172,0.10850724578440264
1081,214,draw_173,0.10264361580689417
1082,214,draw_174,0.10693291882122224
1083,214,draw_175,0.1345869486239172
1084,214,draw_176,0.12178004880175976
1085,214,draw_177,0.14262224458011497
1086,214,draw_178,0.06265169128610265
1087,214,draw_179,0.08693499728369357
1088,214,draw_18,0.21716908116732972
1089,214,draw_180,0.102182924862307
1090,214,draw_181,0.12007934189079526
1091,214,draw_182,0.07426598540659518
1092,214,draw_183,0.0979890853911532
1093,214,draw_184,0.21212105134316842
1094,214,draw_185,0.10166073641632964
1095,214,draw_186,0.0729008929799501
1096,214,draw_187,0.1349718655483652
1097,214,draw_188,0.08450468863256232
1098,214,draw_189,0.12685478224247465
1099,214,draw_19,0.08011580360983446
1100,214,draw_190,0.06891283531663604
1101,214,draw_191,0.0964278102748813
1102,214,draw_192,0.09420530898275824
1103,214,draw_193,0.09688290639312239
1104,214,draw_194,0.14344075423236
1105,214,draw_195,0.09141682688036362
1106,214,draw_196,0.06745690848638221
1107,214,draw_197,0.09850692982892278
1108,214,draw_198,0.11717086974478459
1109,214,draw_199,0.055323232851149526
1110,214,draw_2,0.1333465979813648
1111,214,draw_20,0.1273752352752645
1112,214,draw_200,0.2345635105978865
1113,214,draw_201,0.12275889377289792
1114,214,draw_202,0.13944733119410854
1115,214,draw_203,0.08522180950275701
1116,214,draw_204,0.10191629124360259
1117,214,draw_205,0.05244387760690275
1118,214,draw_206,0.10670149500919922
1119,214,draw_207,0.11554617339704282
1120,214,draw_208,0.20496231117852504
1121,214,draw_209,0.06433710247924739
1122,214,draw_21,0.11302000833811436
1123,214,draw_210,0.13356840035362078
1124,214,draw_211,0.18929839776304205
1125,214,draw_213,0.0928020281076648
1126,214,draw_214,0.0822010992263018
1127,214,draw_215,0.10653313693270128
1128,214,draw_216,0.11869918458191497
1129,214,draw_217,0.14435071554906598
1130,214,draw_218,0.06296387334549026
1131,214,draw_219,0.15035632120933837
1132,214,draw_22,0.2322949322874227
1133,214,draw_220,0.06801872651608264
1134,214,draw_221,0.13795781195365162
1135,214,draw_222,0.19398608640870174
1136,214,draw_223,0.05427745055980045
1137,214,draw_224,0.08046592982839344
1138,214,draw_225,0.07614625001233946
1139,214,draw_226,0.04335351649753176
1140,214,draw_227,0.09085039607935849
1141,214,draw_228,0.11058409644050493
1142,214,draw_229,0.0636810019646068
1143,214,draw_23,0.18581475419969012
1144,214,draw_230,0.21071714361962152
1145,214,draw_231,0.20052598238464794
1146,214,draw_232,0.05658355100516949
1147,214,draw_233,0.09865935782292193
1148,214,draw_234,0.06501719236062144
1149,214,draw_235,0.04475307298775134
1150,214,draw_236,0.08838506564312353
1151,214,draw_237,0.0768593984375778
1152,214,draw_238,0.12081368701632239
1153,214,draw_239,0.09183650540238285
1154,214,draw_24,0.09881636688383186
1155,214,draw_240,0.06501284959342268
1156,214,draw_241,0.07116796101261223
1157,214,draw_242,0.14635900231972043
1158,214,draw_243,0.07310987197644385
1159,214,draw_244,0.11569151723949513
1160,214,draw_245,0.12825425329981827
1161,214,draw_246,0.10601471227771002
1162,214,draw_247,0.07397925616636189
1163,214,draw_248,0.10693585310973383
1164,214,draw_249,0.08363533916940336
1165,214,draw_25,0.05047569917618004
1166,214,draw_250,0.07775061611728346
1167,214,draw_251,0.14955102450636776
1168,214,draw_252,0.0477881154763516
1169,214,draw_253,0.12457913144573989
1170,214,draw_254,0.04309529362008571
1171,214,draw_255,0.12020660096717656
1172,214,draw_256,0.2125430410676589
1173,214,draw_257,0.0828214442717568
1174,214,draw_258,0.10963516123372101
1175,214,draw_259,0.11356774967678032
1176,214,draw_26,0.042936806106000605
1177,214,draw_260,0.12712044529926325
1178,214,draw_261,0.0874924077266643
1179,214,draw_262,0.09102262027142002
1180,214,draw_263,0.2246886178823564
1181,214,draw_264,0.16400164170253748
1182,214,draw_265,0.08182423139871121
1183,214,draw_266,0.06670290358456275
1184,214,draw_267,0.24815052533105883
1185,214,draw_268,0.12712279597334813
1186,214,draw_269,0.1073519387855364
1187,214,draw_27,0.23611192158042066
1188,214,draw_270,0.1414713473578522
1189,214,draw_271,0.0716092803965791
1190,214,draw_272,0.15428910205363874
1191,214,draw_273,0.10046446874261405
1192,214,draw_274,0.054963876313494926
1193,214,draw_275,0.1095660668754647
1194,214,draw_276,0.059264857532798
1195,214,draw_277,0.0388989420375559
1196,214,draw_278,0.17335318443660166
1197,214,draw_279,0.09170142972441231
1198,214,draw_28,0.12662201349629798
1199,214,draw_280,0.10856795041793364
1200,214,draw_281,0.1414563825368253
1201,214,draw_282,0.13795984964299157
1202,214,draw_283,0.12509173833210907
1203,214,draw_284,0.06341524083749094
1204,214,draw_285,0.08728688167052032
1205,214,draw_286,0.10399403839831917
1206,214,draw_287,0.15257316015694738
1207,214,draw_288,0.07114395002635383
1208,214,draw_289,0.1379383462557467
1209,214,draw_29,0.07400355939155202
1210,214,draw_290,0.11499142235015397
1211,214,draw_291,0.07940301730823443
1212,214,draw_292,0.05872950153768808
1213,214,draw_293,0.22896642736369902
1214,214,draw_294,0.13821037130298977
1215,214,draw_295,0.07724773443195875
1216,214,draw_296,0.08388416015936115
1217,214,draw_297,0.09356628157795797
1218,214,draw_298,0.06150775378288607
1219,214,draw_299,0.17928997514447353
1220,214,draw_3,0.05685795109870012
1221,214,draw_30,0.21243801627460793
1222,214,draw_300,0.06142454509232938
1223,214,draw_301,0.1129037356995462
1224,214,draw_302,0.07587838620251469
1225,214,draw_303,0.07163941234020725
1226,214,draw_304,0.12288188213889238
1227,214,draw_305,0.10327135769253848
1228,214,draw_306,0.14518872853621195
1229,214,draw_307,0.1302801354475373
1230,214,draw_308,0.10233769916368246
1231,214,draw_309,0.15213420378699513
1232,214,draw_31,0.06055953902175954
1233,214,draw_310,0.09059033917405623
1234,214,draw_311,0.10021888562859275
1235,214,draw_312,0.11144750901069461
1236,214,draw_313,0.07514389602013447
1237,214,draw_314,0.06848918195385331
1238,214,draw_315,0.10057512326179356
1239,214,draw_316,0.10433352134760132
1240,214,draw_317,0.12675451326107215
1241,214,draw_318,0.06464506481000729
1242,214,draw_319,0.1810140947749408
1243,214,draw_32,0.05173626714434113
1244,214,draw_320,0.06428421294706455
1245,214,draw_321,0.1323483112192699
1246,214,draw_322,0.24663329737306383
1247,214,draw_323,0.22485747562040176
1248,214,draw_324,0.14837763852726077
1249,214,draw_325,0.10305375098034547
1250,214,draw_326,0.07252763542405244
1251,214,draw_327,0.09106807766309764
1252,214,draw_328,0.10522156096378321
1253,214,draw_329,0.10504730775476893
1254,214,draw_33,0.12277101549224574
1255,214,draw_330,0.14452976050037636
1256,214,draw_331,0.08889222952335436
1257,214,draw_332,0.11452097837027077
1258,214,draw_333,0.15293648919903963
1259,214,draw_334,0.06733531934168582
1260,214,draw_335,0.08977381360977325
1261,214,draw_336,0.05380559735677056
1262,214,draw_337,0.08783527875442096
1263,214,draw_338,0.0752135657908505
1264,214,draw_339,0.11462739858882957
1265,214,draw_34,0.10965223548659134
1266,214,draw_340,0.11979538969310881
1267,214,draw_341,0.06330557706476315
1268,214,draw_342,0.0946554173955753
1269,214,draw_343,0.09183394142656336
1270,214,draw_344,0.10797931396060799
1271,214,draw_345,0.17778535707639317
1272,214,draw_346,0.1993622953366824
1273,214,draw_347,0.08187378906643863
1274,214,draw_348,0.17375492602151296
1275,214,draw_349,0.15754171929162197
1276,214,draw_35,0.1846108830013879
1277,214,draw_350,0.132934883544581
1278,214,draw_351,0.05495772013972841
1279,214,draw_352,0.09559909605721213
1280,214,draw_353,0.1242682969463181
1281,214,draw_354,0.16018758915694095
1282,214,draw_355,0.06798225672522258
1283,214,draw_356,0.10922866867853115
1284,214,draw_357,0.1477631120444902
1285,214,draw_358,0.07979244894284711
1286,214,draw_359,0.12331981844884624
1287,214,draw_36,0.08993324073990401
1288,214,draw_360,0.17713961183961044
1289,214,draw_361,0.10089438139604688
1290,214,draw_362,0.09988077729645098
1291,214,draw_363,0.135976753978936
1292,214,draw_364,0.13740053973940444
1293,214,draw_365,0.09121857938433975
1294,214,draw_366,0.08529459501398262
1295,214,draw_367,0.06234428906481147
1296,214,draw_368,0.046724744757269475
1297,214,draw_369,0.1835811853253365
1298,214,draw_37,0.08999840638256701
1299,214,draw_370,0.10759890187808073
1300,214,draw_371,0.07789643849476653
1301,214,draw_372,0.2789376023503445
1302,214,draw_373,0.07510357037486841
1303,214,draw_374,0.04709779641349602
1304,214,draw_375,0.14070450825210956
1305,214,draw_376,0.1549965731723097
1306,214,draw_377,0.07875367650250967
1307,214,draw_378,0.19204356185334506
1308,214,draw_379,0.10471558262269105
1309,214,draw_38,0.12630162760849561
1310,214,draw_380,0.06459030126343851
1311,214,draw_381,0.08465198074646361
1312,214,draw_382,0.06348643316134638
1313,214,draw_383,0.0945203569644551
1314,214,draw_384,0.16342124664402763
1315,214,draw_385,0.10309089328375476
1316,214,draw_386,0.06180986595360012
1317,214,draw_387,0.05346591189917896
1318,214,draw_388,0.058394480478134086
1319,214,draw_389,0.08014178154946175
1320,214,draw_39,0.16321874894173757
1321,214,draw_390,0.11967824639756355
1322,214,draw_391,0.07193320639764832
1323,214,draw_392,0.10401015331234713
1324,214,draw_393,0.06757244133981737
1325,214,draw_394,0.16534190887526068
1326,214,draw_395,0.1316438400396562
1327,214,draw_396,0.09370454466192837
1328,214,draw_397,0.061051151360242306
1329,214,draw_398,0.08747811304467627
1330,214,draw_399,0.17966646335376976
1331,214,draw_4,0.08040713055549523
1332,214,draw_40,0.07440950055679055
1333,214,draw_400,0.12676338386399866
1334,214,draw_401,0.11539412325179185
1335,214,draw_402,0.14136627204903973
1336,214,draw_403,0.15129216752913655
1337,214,draw_404,0.13782786084497134
1338,214,draw_405,0.10098217522744418
1339,214,draw_406,0.1382511491235971
1340,214,draw_407,0.12517405211850702
1341,214,draw_408,0.14526191978212655
1342,214,draw_409,0.0652379854649895
1343,214,draw_41,0.06751973229258465
1344,214,draw_410,0.21062708477493472
1345,214,draw_411,0.15583486227465407
1346,214,draw_412,0.09434105205326429
1347,214,draw_413,0.18705541369844286
1348,214,draw_414,0.10151638641453306
1349,214,draw_415,0.10949979899379467
1350,214,draw_416,0.11721154481450625
1351,214,draw_417,0.09337046578594693
1352,214,draw_418,0.07544574726695923
1353,214,draw_419,0.14234403705020998
1354,214,draw_42,0.07339043833575876
1355,214,draw_420,0.18413335687543042
1356,214,draw_421,0.06514662617774608
1357,214,draw_422,0.1407835861267687
1358,214,draw_423,0.08003939700696276
1359,214,draw_424,0.10169736711334362
1360,214,draw_425,0.05300834738373161
1361,214,draw_426,0.12791761825586978
1362,214,draw_427,0.05968872296521593
1363,214,draw_428,0.12468388626029095
1364,214,draw_429,0.16285340538545323
1365,214,draw_43,0.09631358812787275
1366,214,draw_430,0.09357354654209649
1367,214,draw_431,0.06562434571998893
1368,214,draw_432,0.10963781806606696
1369,214,draw_433,0.08660994003442804
1370,214,draw_434,0.0905250356175018
1371,214,draw_435,0.12575750530365637
1372,214,draw_436,0.1580532756853853
1373,214,draw_437,0.17097692656676913
1374,214,draw_438,0.11373127379767606
1375,214,draw_439,0.12664582599734908
1376,214,draw_44,0.08553505859002158
1377,214,draw_440,0.08615502463423555
1378,214,draw_441,0.162859927653152
1379,214,draw_442,0.10024820149979492
1380,214,draw_443,0.10707151831154617
1381,214,draw_444,0.23993801148644323
1382,214,draw_445,0.07631586265430934
1383,214,draw_446,0.07893702749551257
1384,214,draw_447,0.14271825917221426
1385,214,draw_448,0.16405720132099777
1386,214,draw_449,0.1331661167755748
1387,214,draw_45,0.1241955514992911
1388,214,draw_450,0.05851060347895229
1389,214,draw_451,0.11988349093758198
1390,214,draw_452,0.13663821868924508
1391,214,draw_453,0.12261897926825666
1392,214,draw_454,0.22174262539983902
1393,214,draw_455,0.12493459425171641
1394,214,draw_456,0.1476306317227562
1395,214,draw_457,0.050134587289654337
1396,214,draw_458,0.08717588587129531
1397,214,draw_459,0.09125726730169889
1398,214,draw_46,0.04041909026677838
1399,214,draw_460,0.1821862908695555
1400,214,draw_461,0.13104586283615785
1401,214,draw_462,0.1506100303532719
1402,214,draw_463,0.05275479411048294
1403,214,draw_464,0.06761303250525462
1404,214,draw_465,0.130043541701209
1405,214,draw_466,0.13214803807403888
1406,214,draw_467,0.2215758620719309
1407,214,draw_468,0.1439520090580863
1408,214,draw_469,0.07288458629829267
1409,214,draw_47,0.18185677337792716
1410,214,draw_470,0.10136970262195931
1411,214,draw_471,0.13590355484784702
1412,214,draw_472,0.03584142201760467
1413,214,draw_473,0.10136981356267825
1414,214,draw_474,0.10887652734396838
1415,214,draw_475,0.13232078773292041
1416,214,draw_476,0.06275077010231651
1417,214,draw_477,0.07707774012414886
1418,214,draw_478,0.17590186061851515
1419,214,draw_479,0.09522856139182069
1420,214,draw_48,0.07852972129531997
1421,214,draw_480,0.12266163480310942
1422,214,draw_481,0.09458621830552923
1423,214,draw_482,0.09241495460221053
1424,214,draw_483,0.1650015753479072
1425,214,draw_484,0.06272291744950238
1426,214,draw_485,0.16802755117100154
1427,214,draw_486,0.19333294908086238
1428,214,draw_487,0.0784045778955637
1429,214,draw_488,0.05948442298986796
1430,214,draw_489,0.13123722180132497
1431,214,draw_49,0.12908617104968115
1432,214,draw_490,0.1130399152802883
1433,214,draw_491,0.047629535548698525
1434,214,draw_492,0.09758618425359633
1435,214,draw_493,0.131652176693491
1436,214,draw_494,0.08296368786099943
1437,214,draw_495,0.040286047284173926
1438,214,draw_496,0.1275224990911811
1439,214,draw_497,0.16552349405560057
1440,214,draw_498,0.1091980479847864
1441,214,draw_499,0.11262903274526742
1442,214,draw_5,0.05198407023251216
1443,214,draw_50,0.11717225442829877
1444,214,draw_51,0.05304109796361634
1445,214,draw_52,0.19623700756266058
1446,214,draw_53,0.12649854294599158
1447,214,draw_54,0.1386240409717159
1448,214,draw_55,0.12384799355539462
1449,214,draw_56,0.0892406561959934
1450,214,draw_57,0.10556094912529775
1451,214,draw_58,0.09503726525878094
1452,214,draw_59,0.0926851207368949
1453,214,draw_6,0.11262478698062038
1454,214,draw_60,0.1508844031733468
1455,214,draw_61,0.07954564896230246
1456,214,draw_62,0.17999191296675726
1457,214,draw_63,0.11329310970875847
1458,214,draw_64,0.09624491021394932
1459,214,draw_65,0.08161116629384997
1460,214,draw_66,0.268418465477884
1461,214,draw_67,0.13136683007103822
1462,214,draw_68,0.14243595961982078
1463,214,draw_69,0.06587018992414548
1464,214,draw_7,0.10304457813691698
1465,214,draw_70,0.10277926792426634
1466,214,draw_71,0.07004445468758111
1467,214,draw_72,0.1365318117813418
1468,214,draw_73,0.09290393036951437
1469,214,draw_74,0.09807854661544729
1470,214,draw_75,0.0883489519502819
1471,214,draw_76,0.09184056654672332
1472,214,draw_77,0.10025225335239657
1473,214,draw_78,0.055670439389565216
1474,214,draw_79,0.05280517053934667
1475,214,draw_8,0.06218402046384037
1476,214,draw_80,0.12957057518697285
1477,214,draw_81,0.0583958414907234
1478,214,draw_82,0.08373166313455754
1479,214,draw_83,0.093904927062771
1480,214,draw_84,0.09707922762712119
1481,214,draw_85,0.08274224367052033
1482,214,draw_86,0.12183614259729368
1483,214,draw_87,0.05944736900806392
1484,214,draw_88,0.06704087917331501
1485,214,draw_89,0.05062569365716944
1486,214,draw_9,0.20778384148487344
1487,214,draw_90,0.12396984153550278
1488,214,draw_91,0.13682703308438451
1489,214,draw_92,0.12539430257596584
1490,214,draw_93,0.08420528311621868
1491,214,draw_94,0.058786244699835885
1492,214,draw_95,0.15013849431539816
1493,214,draw_96,0.15260943928844142
1494,214,draw_97,0.08141094103256351
1495,214,draw_98,0.07359764914687832
1496,214,draw_99,0.0950537940076834
126,165,draw_212,0.15316264518251446
625,179,draw_212,0.2008809200670913
1124,214,draw_212,0.18929839776304205
